{   
    "number" : 0,
    "vert" : [[0.35697151424287843,0.46867266366816585],[0.3510044977511242,0.6023378310844578],[0.274832583708146,0.43208295852073964],[0.38534732633683144,0.3947466266866567],[0.38235882058970505,0.7016531734132934],[0.46973513243378306,0.6501289355322339],[0.42455772113943024,0.40594702648675673],[0.5175212393803099,0.5956171914042978],[0.5193903048475761,0.49704847576211897],[0.6549225387306348,0.6254862568715642],[0.9132933533233383,0.3529295352323838],[0.9991604197901047,0.25212093953023484],[0.873423288355822,0.45112443778110944],[0.8494452773613193,0.3637571214392804],[0.9633183408295851,0.22897151424287854],[0.9132933533233383,0.3114862568715643],[0.8318940529735133,0.10128135932033977],[0.7183908045977012,0.05797001499250376],[0.8875262368815593,0.28908345827086457],[0.6750824587706148,-0.03313343328335816],[0.7452773613193402,-0.23549225387306327],[0.4917641179410295,0.10128135932033977],[0.766926536731634,-0.35721139430284854],[0.4966116941529235,-0.10742628685657163],[0.46450774612693646,-0.34600699650174893],[0.6705947026486758,-0.3525837081459271],[0.40924537731134447,-0.2750724637681159],[0.76095952023988,-0.5737631184407797],[0.7144427786106946,-0.4730934532733633],[0.6935632183908047,-0.4145227386306847],[0.8535532233883059,-0.6260369815092452],[0.8796901549225387,-0.6939930034982509],[0.6452173913043477,-0.6730834582708647],[0.7258570714642678,-0.6730834582708647],[0.6805897051474263,-0.5478060969515242],[0.754982508745627,-0.7014592703648175],[0.6885257371314342,-0.6865167416291853],[0.5690454772613693,-0.511784107946027],[0.46450774612693646,-0.39529235382308836],[0.6027286356821588,-0.4589805097451274],[-0.9993975725780289,-0.34600699650174893],[0.5169215392303848,-0.3844277861069465],[0.25727136431784126,-0.28687656171914044],[0.5309645177411295,-0.19031484257871067],[0.5645677161419289,-0.18807596201899024],[0.309935032483758,-0.1160219890054972],[0.2852873563218392,-0.39529235382308836],[0.293503248375812,-0.5737631184407797],[0.12399800099950009,-0.564807596201899],[0.15050474762618693,-0.2623788105947027],[0.37190404797601184,-0.6208095952023986],[0.18298850574712633,-0.6865167416291853],[0.39506246876561724,-0.6939930034982509],[0.12996501749125433,-0.6536631684157921],[0.07247376311844067,-0.4311344327836082],[-0.018631684157921158,-0.3295852073963019],[-0.10077261369315338,-0.4132133933033484],[0.0026486756621688645,-0.2552823588205897],[0.0743328335832083,-0.19480259870064986],[-0.08733133433283358,-0.463248375812094],[-0.3681019490254872,-0.30605697151424294],[-0.333752123938031,-0.15709145427286342],[-0.05932833583208397,-0.10742628685657163],[-0.24227786106946525,-0.0898850574712644],[-0.19747426286856584,-0.028645677161419192],[-0.03730034982508745,-0.47968015992004],[-0.1515502248875562,-0.4462568715642179],[0.0500649675162419,-0.5842178910544729],[0.014222888555722069,-0.5976611694152925],[-0.07612993503248389,-0.6536631684157921],[-0.1708105947026486,-0.5015192403798101],[0.0814292853573213,-0.6536631684157921],[-0.07612993503248389,1.0006533365001657],[-0.21054172913543234,-0.6730834582708647],[-0.12585207396301845,-0.5737631184407797],[-0.3120969515242379,-0.6402198900549725],[-0.21329635182408802,-0.5445777111444277],[-0.3815432283858071,-0.5797401299350324],[-0.3367396301849076,-0.54015992003998],[-0.2639330334832585,-0.5347526236881559],[-0.43754822588705644,-0.54015992003998],[-0.44277561219390305,-0.4923738130934532],[-0.39199700149925043,-0.31539230384807593],[-0.38826386806596713,-0.2093553223388307],[-0.4002118940529734,-0.47333333333333316],[-0.41439980009995003,0.11845577211394298],[-0.3509275362318841,-0.23157421289355296],[-0.3389795102448777,0.3409815092453774],[-0.1328815592203899,0.5216911544227887],[0.07844077961019491,0.5015292353823089],[0.14863568215892053,0.45075162418790604],[-0.46144327836081966,0.3320209895052474],[-0.2889485257371315,0.5642548725637182],[-0.38273163418290856,0.38233183408295857],[-0.5122208895552225,0.25585407296351825],[-0.5716021989005498,0.2907336331834083],[-0.5846546726636681,0.5500669665167417],[-0.5365547226386806,0.3546936531734133],[-0.4070224887556221,0.4052893553223388],[-0.5047536231884058,0.040048975512243956],[-0.5913753123438281,0.1707266366816591],[-0.6055632183908046,-0.2093553223388307],[-0.6376721639180409,-0.18994502748625686],[-0.6186836581709145,-0.15709145427286342],[-0.6376721639180409,0.06741429285357325],[-0.760135932033983,-0.2571514242878561],[-0.7176331834082958,-0.13297351324337825],[-0.8908145927036482,-0.24146926536731628],[-0.8116601699150425,-0.0659870064967516],[-0.9998369955022489,-0.2825387306346825],[-0.9961033383308345,-0.07270364817591202],[-0.9221769115442279,0.25062768615692155],[-0.869583208395802,0.10829785107446277],[-0.8198750624687656,0.4365637181409294],[-0.8157681159420289,0.1852883558220889],[-0.6619790104947526,0.25286756621689155],[-0.7369875062468765,0.22561219390304843],[0.3174012993503248,-0.001399300349825161],[0.2916341829085456,0.27265567216391795],[0.387966016991504,0.5508135932033984],[0.40700649675162426,0.6501289355322339],[0.4641279360319839,0.5784427786106947],[0.46973513243378306,0.5216911544227887],[0.42455772113943024,0.5071294352823588],[0.42724637681159416,0.4678020989505248],[0.6485757121439282,0.5340119940029986],[0.6971114442778612,0.45112443778110944],[0.6164617691154424,0.47838080959520235],[0.5085657171414293,0.3798120939530234],[0.44060969515242365,0.3514362818590704],[0.4719740129935033,0.3379950024987507],[0.44658670664667666,0.3148465767116442],[0.3405497251374312,0.3010314842578711],[0.55896051974013,0.27713643178410796],[0.35473263368315844,0.22822488755622194],[0.6508145927036479,0.21403698150924555],[0.734822588705647,0.26892253873063465],[0.7956821589205396,0.22971914042978514],[0.3293453273363318,0.18566116941529243],[0.8808095952023989,0.3114862568715643],[0.9132933533233383,0.9996886694084243],[0.7956821589205396,0.46083258370814606],[0.7295952023988006,0.45896551724137935],[0.7437781109445276,0.5213173413293354],[0.9282258870564717,0.5911364317841079],[0.9020889555222389,0.7016531734132934],[0.7616991504247876,0.5956171914042978],[0.7695452273863068,0.21851774112943523],[0.716151924037981,0.1598990504747626],[0.734822588705647,0.9998401808590957],[0.8023988005997,0.1598990504747626],[0.7422888555722138,0.10128135932033977],[0.7023388305847074,0.11845577211394298],[0.6407296351824088,0.09605397301349328],[0.6112343828085958,0.150191904047976],[0.5552323838080959,0.19014192903548222],[0.30743628185907035,0.2977461269365317],[0.34173913043478277,0.3648775612193904],[-0.3513003498250875,-0.37887056471764113],[-0.3434602698650675,-0.3411594202898549],[-0.21987606196901543,-0.39118440779610175],[-0.21576911544227884,-0.42927536231884056],[-0.2828935532233884,-0.48798600699650185],[-0.19896751624187903,0.03930234882558714],[-0.1999380309845079,0.08360819590204904],[-0.17469865067466261,0.10240079960019988],[-0.1541639180409795,0.19910244877561212],[-0.1541639180409795,0.08111944027986018],[-0.133255372313843,0.1348835582208896],[-0.10786606696651668,0.24540029985007494],[-0.07911744127936038,0.20582308845577202],[-0.09218490754622688,0.1580329835082458],[-1.0000921388381272,0.25286756621689155],[-0.03730034982508745,0.26444177911044486],[-0.016017991004497745,0.24091954022988515],[-0.029459270364817658,0.21889155422288853],[-0.013404297851074443,0.9997812178368587],[-0.009297351324337733,0.19014192903548222],[-0.039914042978510866,0.1852883558220889],[0.02056971514242889,0.147952023988006],[0.0821789105447277,0.05311644177911057],[0.013103448275862073,0.9999469101031693],[-0.024605697151424355,0.011299350324837532],[-0.046260869565217355,0.022874562718640634],[-0.06978310844577706,0.061330334832583655],[-0.04962118940529747,0.1505647176411795],[0.1210094952523737,0.028847576211894044],[0.11652173913043473,0.05311644177911057],[0.0986006996501747,-0.0058770614692653655],[0.12287856071964032,0.12256271864067969],[0.1210094952523737,0.1580329835082458],