{   
    "number" : 100,
    "vert" : [[0.34068254990341273,0.9794242463117383,"Text Header","Text content"],[0.34068254990341273,0.9064865939704939,"Text Header","Text content"],[0.5313329040566643,0.8514393842206542,"Text Header","Text content"],[0.48989053444945285,0.7454727389352149,"Text Header","Text content"],[0.15970895041854472,0.9973147658755612,"Text Header","Text content"],[0.2660849967804251,0.8239153303399616,"Text Header","Text content"],[0.3614037347070185,0.7963912764592688,"Text Header","Text content"],[0.2039162910495813,0.7592354073123797,"Text Header","Text content"],[0.2577952350289763,0.7454727389352149,"Text Header","Text content"],[0.18871989697359948,0.6229929441949968,"Text Header","Text content"],[0.15141918866709592,0.5280359204618346,"Text Header","Text content"],[0.2039162910495813,0.5280359204618346,"Text Header","Text content"],[0.2577952350289763,0.6670301475304683,"Text Header","Text content"],[0.23776432710882167,0.6106067992302758,"Text Header","Text content"],[0.24674436574372183,0.41931751122514427,"Text Header","Text content"],[0.34068254990341273,0.3986747915330341,"Text Header","Text content"],[0.28680746941403745,0.45509813983322644,"Text Header","Text content"],[0.45811976819059885,0.5280359204618346,"Text Header","Text content"],[0.5023180940115903,0.3986747915330341,"Text Header","Text content"],[0.28680746941403745,0.21839512508017966,"Text Header","Text content"],[0.4456793303283966,0.23903784477228984,"Text Header","Text content"],[0.353122987765615,0.5431738293778063,"Text Header","Text content"],[0.42495814552479083,0.5982219371391918,"Text Header","Text content"],[0.6390856406954282,0.6229929441949968,"Text Header","Text content"],[0.3310109465550548,0.6670301475304683,"Text Header","Text content"],[0.28680746941403745,0.5982219371391918,"Text Header","Text content"],[0.40285898261429476,0.7262065426555484,"Text Header","Text content"],[0.67915003219575,0.7454727389352149,"Text Header","Text content"],[0.7302640051513201,0.6298742783835792,"Text Header","Text content"],[0.7192144236960722,0.5046414368184734,"Text Header","Text content"],[0.8145396007726979,0.3023425272610648,"Text Header","Text content"],[0.6100837089504185,0.42895060936497753,"Text Header","Text content"],[0.7758660656793304,0.002333547145606074,"Text Header","Text content"],[0.5948873148744367,0.3023425272610648,"Text Header","Text content"],[0.6584288473921442,0.028481077613854877,"Text Header","Text content"],[0.7382743077913716,-0.11734830019243114,"Text Header","Text content"],[0.8147585318737924,-0.2327710070558049,"Text Header","Text content"],[0.5783000643915002,0.2307799871712637,"Text Header","Text content"],[0.1804314230521571,-0.014180885182809355,"Text Header","Text content"],[0.32133934320669666,0.002333547145606074,"Text Header","Text content"],[0.11575531229877667,-0.5043489416292493,"Text Header","Text content"],[0.2937282678686415,-0.2614381013470173,"Text Header","Text content"],[0.3614037347070185,0.07860551635663893,"Text Header","Text content"],[0.31074050225370264,-0.09896343810134689,"Text Header","Text content"],[0.48989053444945285,-0.04996151379089153,"Text Header","Text content"],[0.5603477141017383,-0.032070558050032005,"Text Header","Text content"],[0.6481519639407598,-0.22899935856318154,"Text Header","Text content"],[0.5527237604636186,-0.26520974983964085,"Text Header","Text content"],[0.39899549259497746,-0.3006670942912124,"Text Header","Text content"],[0.49669027688345113,-0.3874278383579217,"Text Header","Text content"],[0.33537669027688355,-0.8528928800513149,"Text Header","Text content"],[0.17028203477141024,-0.6763566388710713,"Text Header","Text content"],[0.3747585318737927,-0.6325978191148172,"Text Header","Text content"],[0.49669027688345113,-0.7216164207825528,"Text Header","Text content"],[0.7496329684481646,-0.2614381013470173,"Text Header","Text content"],[0.8791242755956212,-0.3662989095574085,"Text Header","Text content"],[0.6648036059240181,-0.6876715843489416,"Text Header","Text content"],[0.5443915003219575,-0.5322642719692112,"Text Header","Text content"],[0.8549001931745008,-0.5895958948043616,"Text Header","Text content"],[0.7579652285898262,-0.7917767799871711,"Text Header","Text content"],[0.6504185447520927,-0.7540602950609365,"Text Header","Text content"],[0.5610560206052799,-0.7706606799230276,"Text Header","Text content"],[0.5156213779781067,-0.8687363694676071,"Text Header","Text content"],[0.5867997424339986,-0.8687363694676071,"Text Header","Text content"],[0.35506761107533813,-0.742745349583066,"Text Header","Text content"],[0.43080489375402453,-0.8649518922386146,"Text Header","Text content"],[0.35809401159047005,-0.8928672225785761,"Text Header","Text content"],[0.3793045717965229,-0.8732520846696601,"Text Header","Text content"],[0.4118609143593046,-0.9079538165490699,"Text Header","Text content"],[0.20133161622665807,-0.8121488133418857,"Text Header","Text content"],[0.687533805537669,-0.8264785118665812,"Text Header","Text content"],[0.6648036059240181,-0.9079538165490699,"Text Header","Text content"],[0.6375402446877012,-0.8823091725465042,"Text Header","Text content"],[0.6148229233741147,-0.917010904425914,"Text Header","Text content"],[0.5640824211204121,-0.9079538165490699,"Text Header","Text content"],[0.49669027688345113,-0.9117254650416933,"Text Header","Text content"],[0.4679072762395362,-0.8732520846696601,"Text Header","Text content"],[0.45578879587894416,-0.921539448364336,"Text Header","Text content"],[0.02736767546683838,-0.7038871071199484,"Text Header","Text content"],[-0.17429748873148743,-0.742745349583066,"Text Header","Text content"],[-0.25987379265936883,-0.8649518922386146,"Text Header","Text content"],[-0.0985653573728269,-0.8732520846696601,"Text Header","Text content"],[-0.132645202833226,-0.9471840923669017,"Text Header","Text content"],[0.05289761751448818,-0.9539833226427195,"Text Header","Text content"],[0.03245074050225383,-0.8800513149454778,"Text Header","Text content"],[-0.03267868641339344,-0.9004105195638228,"Text Header","Text content"],[-0.08341918866709597,-0.8325208466966005,"Text Header","Text content"],[0.010488087572440463,-0.8121488133418857,"Text Header","Text content"],[-0.06978750804893763,-0.7774470814624759,"Text Header","Text content"],[0.09227817128139093,-0.8362924951892237,"Text Header","Text content"],[-0.25305859626529303,-0.30745349583066073,"Text Header","Text content"],[-0.2023180940115905,-0.28029762668377156,"Text Header","Text content"],[-0.18868641339343206,-0.3278255291853751,"Text Header","Text content"],[-0.30304056664520274,-0.36177036561898657,"Text Header","Text content"],[-0.34772311654861565,-0.357998717126363,"Text Header","Text content"],[-0.33028847392144245,-0.39924310455420153,"Text Header","Text content"],[-0.25987379265936883,-0.3685567671584349,"Text Header","Text content"],[-0.22169864777849335,-0.346722257857601,"Text Header","Text content"],[-0.36438377334191885,-0.41155869146889024,"Text Header","Text content"],[-0.343947198969736,-0.44105195638229633,"Text Header","Text content"],[-0.3424211204121056,-0.5141629249518922,"Text Header","Text content"],[-0.2651757887958789,-0.4485311096856959,"Text Header","Text content"],[-0.25987379265936883,-0.6612700449005773,"Text Header","Text content"],[-0.2719909851899548,-0.5405644644002565,"Text Header","Text content"],[-0.4132633612363168,-0.6961000641436816,"Text Header","Text content"],[-0.3433882807469414,-0.6612700449005773,"Text Header","Text content"],[-0.19701738570508698,-0.377613855035279,"Text Header","Text content"],[-0.22579523502897603,-0.4432456703014753,"Text Header","Text content"],[-0.23866967160334818,-0.5043489416292493,"Text Header","Text content"],[-0.21670701867353515,-0.5579217447081464,"Text Header","Text content"],[-0.16445202833226014,-0.568479794740218,"Text Header","Text content"],[-0.22579523502897603,-0.591109685695959,"Text Header","Text content"],[-0.18868641339343206,-0.591109685695959,"Text Header","Text 